{
  "particle": [
    {
      "EffectTypeIndex": 1,
      "EffectType": "FallEffect",
      "SpritePath": "Sprites/Particles/point.dds",
      "IsRepeating": true,
      "EmitTime": 0.0,
      "PauseTime": 0.0,
      "StartScale": 0.1,
      "EndScale": 0.03,
      "MinTimeBetweenSpawns": 0.2,
      "MaxTimeBetweenSpawns": 0.4,
      "MinStartSpeed": 100.0,
      "MaxStartSpeed": 150.0,
      "MinAcceleration": -0.15000000596046449,
      "MaxAcceleration": 0.27000001072883608,
      "ParticleAngleInterval": 0.6806784272193909,
      "MinParticleAngularVel": -1.0,
      "MaxParticleAngularVel": 1.0,
      "EmitterAngle": 0.0,
      "EmitterWidth": 0.0,
      "EmitterHeigth": 0.0,

      "MinEmitterAngularVelocity": 0.0,
      "MaxEmitterAngularVelocity": 165.0,
      "MinParticleLifeTime": 5.0,
      "MaxParticleLifeTime": 8.0,
      "EmitterLifeTime": 2.253999948501587,


      "LockPosition": true,

      "EmitterAngular": [
        -1.0,
        -1.0,
        1.0,
        1.0
      ],

      "StartColor": [
        0.23972046375274659,
        0.6414141654968262,
        0.42230841517448428,
        1.0
      ],
      "EndColor": [
        0.8150427937507629,
        0.8232322931289673,
        0.5529792904853821,
        1.0
      ],
      "BlendState": "Additive"
    }
  ]

}