{
  "particle": [
    {
      "EffectTypeIndex": 1,
      "EffectType": "FallEffect",
      "SpritePath": "Sprites/point.dds",
      "IsRepeating": true,
      "EmitTime": 0.0,
      "PauseTime": 0.0,
      "StartScale": 0.029999999329447748,
      "EndScale": 0.10999999940395355,
      "MinTimeBetweenSpawns": 0.007000000216066837,
      "MaxTimeBetweenSpawns": 0.028999999165534974,
      "MinStartSpeed": 0.10000000149011612,
      "MaxStartSpeed": 0.3100000023841858,
      "MinAcceleration": -0.15000000596046449,
      "MaxAcceleration": 0.27000001072883608,
      "ParticleAngleInterval": 0.6806784272193909,
      "MinParticleAngularVel": 0.0,
      "MaxParticleAngularVel": 0.1120000034570694,
      "EmitterAngle": 1.326450228691101,
      "EmitterWidth": 0.07000000029802323,
      "MinEmitterAngularVelocity": 0.0,
      "MaxEmitterAngularVelocity": 0.0,
      "MinParticleLifeTime": 0.5,
      "MaxParticleLifeTime": 1.0,
      "EmitterLifeTime": 2.253999948501587,
      "StartColor": [
        0.23972046375274659,
        0.6414141654968262,
        0.42230841517448428,
        1.0
      ],
      "EndColor": [
        0.8150427937507629,
        0.8232322931289673,
        0.5529792904853821,
        1.0
      ],
      "BlendState": "Additive"
    }
  ]

}